<?xml version="1.0" encoding="UTF-8"?>
<beans xmlns="http://www.springframework.org/schema/beans"
	xmlns:xsi="http://www.w3.org/2001/XMLSchema-instance" xmlns:aop="http://www.springframework.org/schema/aop"
	xmlns:tx="http://www.springframework.org/schema/tx"
	xsi:schemaLocation="
     http://www.springframework.org/schema/beans http://www.springframework.org/schema/beans/spring-beans-2.5.xsd
     http://www.springframework.org/schema/tx http://www.springframework.org/schema/tx/spring-tx-2.5.xsd
     http://www.springframework.org/schema/aop http://www.springframework.org/schema/aop/spring-aop-2.5.xsd"
	default-autowire="byName">
	
	<bean id="bbcInInterceptor" class="org.apache.cxf.ws.security.wss4j.WSS4JInInterceptor">      
       <constructor-arg>         
            <map>
              <entry key="action" value="UsernameToken"/>
              <entry key="passwordType" value="PasswordText"/>
              <entry key="passwordCallbackClass" value="com.itecheasy.communication.utils.BBCAuthHandler" />
           </map>
        </constructor-arg>
    </bean>
	
	<bean id="bbcOrderWebService" class="com.itecheasy.communication.bbc.BBCOrderWebServiceImpl"/>
</beans>