<?xml version="1.0" encoding="UTF-8"?>
<beans xmlns="http://www.springframework.org/schema/beans"
     xmlns:xsi="http://www.w3.org/2001/XMLSchema-instance"
     xmlns:aop="http://www.springframework.org/schema/aop"
     xmlns:tx="http://www.springframework.org/schema/tx"
     xsi:schemaLocation="
     http://www.springframework.org/schema/beans http://www.springframework.org/schema/beans/spring-beans-2.5.xsd
     http://www.springframework.org/schema/tx http://www.springframework.org/schema/tx/spring-tx-2.5.xsd
     http://www.springframework.org/schema/aop http://www.springframework.org/schema/aop/spring-aop-2.5.xsd"
     default-autowire="byName" >
        
    <!--  
 	<bean id="dataSource" class="org.springframework.jndi.JndiObjectFactoryBean" destroy-method="close" >
        <property name="jndiName">
            <value>java:comp/env/estoreDataSource</value>
        </property>
    </bean>
     -->
  
 <bean id="dataSource"
		class="org.apache.commons.dbcp.BasicDataSource"
		destroy-method="close">
		<property name="driverClassName" value="${jdbc.driverClassName}" />
		<property name="url" value="${jdbc.url}" />
		<property name="username" value="${jdbc.username}" />
		<property name="password" value="${jdbc.password}" /> 
	  	<property name="maxActive" value="${jdbc.maxActive}" /> 
	  	<property name="maxIdle" value="${jdbc.maxIdle}" />
	  	<property name="maxWait" value="${jdbc.maxWait}" /> 
	</bean>
  
	<bean id="sessionFactory"
		class="org.springframework.orm.hibernate3.annotation.AnnotationSessionFactoryBean">
		<property name="dataSource" ref="dataSource" />
		<property name="packagesToScan">
		    <list>
		        
		         <value>com.itecheasy.common.po</value>
		        <value>com.itecheasy.core.po</value>
		       
		    </list>
		</property>
		<property name="hibernateProperties">
			<props>
				<!-- Database settings  -->
				<prop key="hibernate.dialect">
				 
					org.hibernate.dialect.SQLServerDialect
			
				</prop>
				<prop key="hibernate.jdbc.fetch_size">50</prop>
				<prop key="hibernate.jdbc.batch_size">50</prop>
				<prop key="hibernate.show_sql">false</prop>
<!-- 				<prop key="hibernate.format_sql">true</prop> -->
				<prop key="hibernate.cache.use_second_level_cache">false</prop>
				<prop key="hibernate.connection.url">jdbc:sqlserver://192.168.111.78:7720;database=osms_dev_180710</prop>
				<prop key="hibernate.connection.driver_class">com.microsoft.sqlserver.jdbc.SQLServerDriver</prop>
                <!--
               <prop key="hibernate.hbm2ddl.auto">update</prop>
               <prop key="cache.provider_class">org.hibernate.cache.NoCacheProvider</prop>
               -->
			</props>
		</property>
	</bean>
	
</beans>